City_Name,Country,Cost of Living,Purchasing Power Index,Safety Index,Pollution,Transportation,Healthcare,population,Population_Category,Liveability Value Index,Environmental Health Risk Index (EHRI),Composite Liveability Score (CLS)
Aachen,Germany,63.5,20.6,60.3,35.400000000000006,75.2,73.85,252769,Small (< 500k),32.44094488188976,0.47935003385240366,0.7113219736156214
Aarhus,Denmark,73.2,33.0,74.2,21.8,82.0,76.9,290598,Small (< 500k),45.08196721311475,0.2834850455136541,1.1570878998704457
Aberdeen,United Kingdom,64.8,23.8,63.2,41.6,134.35000000000002,74.5,200680,Small (< 500k),36.7283950617284,0.5583892617449665,0.7098829344827717
Abu Dhabi,United Arab Emirates,54.7,41.5,88.8,45.1,136.1,72.5,1483000,Medium (500k-1.5M),75.86837294332723,0.6220689655172414,1.273716002641392
Ad Dammam,Saudi Arabia,40.3,11.2,74.9,64.6,134.2,63.15,903312,Medium (500k-1.5M),27.791563275434246,1.0229612034837687,0.4942364153808658
Adelaide,Australia,62.6,29.7,67.2,24.8,158.2,73.2,1387290,Medium (500k-1.5M),47.44408945686901,0.33879781420765026,1.0253198167899642
Ahmedabad,India,21.6,4.6,68.5,71.9,148.6,67.7,8009000,Mega (> 5M),21.296296296296294,1.0620384047267357,0.5370663387879535
Ajman,United Arab Emirates,53.3,32.2,85.4,48.2,169.4,71.1,1483000,Medium (500k-1.5M),60.41275797373359,0.6779184247538679,1.0793626224837767
Al Khobar,Saudi Arabia,44.9,12.8,74.9,64.6,141.7,63.15,4070156,Large (1.5M-5M),28.507795100222722,1.0229612034837687,0.46251323139158584
Alexandria,Egypt,19.8,3.1,55.3,73.5,199.4,45.3,4870000,Large (1.5M-5M),15.656565656565657,1.6225165562913908,-0.1168171036022303
Alicante,Spain,46.0,22.3,68.4,37.9,95.65,78.25,358720,Small (< 500k),48.47826086956522,0.48434504792332267,1.0845933642223342
Alice Springs,Australia,64.9,37.0,33.3,26.0,180.0,73.3,23726,Small (< 500k),57.01078582434514,0.3547066848567531,0.5899438745226988
Allahabad,India,19.8,4.7,57.4,88.9,196.9,65.5,37500,Small (< 500k),23.737373737373737,1.3572519083969468,0.15285909987416313
Almaty,Kazakhstan,29.4,14.6,46.5,78.7,154.6,50.0,2228675,Large (1.5M-5M),49.65986394557823,1.574,-0.1893245560609773
Amadora,Portugal,46.7,30.3,44.8,30.55,116.25,75.75,171454,Small (< 500k),64.88222698072805,0.4033003300330033,0.86739419345553
Amritsar,India,19.8,4.7,57.4,84.3,196.9,65.5,1132383,Medium (500k-1.5M),23.737373737373737,1.2870229007633587,0.2081475614126248
Amsterdam,Netherlands,75.9,60.7,73.8,22.8,76.6,81.0,1477213,Medium (500k-1.5M),79.97364953886694,0.2814814814814815,1.4797353384406389
Ankara,Turkey,37.7,15.3,60.7,64.4,146.2,70.0,5864049,Mega (> 5M),40.58355437665782,0.92,0.5062245405448652
Antalya,Turkey,37.7,13.5,70.9,43.5,136.1,73.2,1344000,Medium (500k-1.5M),35.80901856763926,0.5942622950819672,0.9463044331834259
Antwerp,Belgium,68.2,24.6,60.1,58.2,152.1,79.8,565039,Medium (500k-1.5M),36.070381231671554,0.7293233082706767,0.546902519432119
Ashdod,Israel,71.15,27.2,68.9,58.55,129.55,73.6,220174,Small (< 500k),38.22909346451159,0.7955163043478262,0.5361483307108296
Asheville,"NC, United States",65.94999999999999,45.2,60.4,33.55,130.8,68.0,295040,Small (< 500k),68.53677028051555,0.49338235294117644,0.8444620050093241
Astana (Nur-Sultan),Kazakhstan,26.5,11.1,66.6,55.1,128.3,67.3,2228675,Large (1.5M-5M),41.886792452830186,0.8187221396731056,0.7199664489858965
Athens,Greece,53.7,17.6,44.7,55.0,154.2,58.2,3059764,Large (1.5M-5M),32.774674115456236,0.9450171821305842,0.01255914474844605
Auckland,New Zealand,62.4,32.8,49.7,31.1,165.6,69.0,1470100,Medium (500k-1.5M),52.56410256410257,0.45072463768115945,0.6538783742188838
Augsburg,Germany,66.9,25.1,60.3,35.400000000000006,101.95,73.85,303150,Small (< 500k),37.5186846038864,0.47935003385240366,0.7220743131950377
Austin,"TX, United States",61.5,50.0,57.7,43.5,189.2,65.8,1915031,Large (1.5M-5M),81.30081300813008,0.6610942249240122,0.7387042465263285
Aveiro,Portugal,47.0,30.3,66.9,30.55,116.25,75.75,78450,Small (< 500k),64.46808510638297,0.4033003300330033,1.173340448458389
Baguio,Philippines,33.9,6.3,54.25,71.6,168.6,62.5,2435108,Large (1.5M-5M),18.58407079646018,1.1456,0.12470320640910038
Bali,Indonesia,33.5,32.0,50.3,79.0,226.15,57.2,293373,Small (< 500k),95.52238805970148,1.381118881118881,0.1423700198049727
Bandung,Indonesia,23.5,5.6,48.7,68.5,194.5,57.2,432557,Small (< 500k),23.829787234042552,1.1975524475524475,0.07885117498567548
Bangalore,India,22.1,9.4,45.7,82.5,252.3,65.3,15386000,Mega (> 5M),42.53393665158371,1.2633996937212864,0.08644182373729528
Bangkok,Thailand,37.7,18.4,61.4,77.8,208.6,77.2,18007000,Mega (> 5M),48.80636604774536,1.0077720207253886,0.5326648087682316
Banja Luka,Bosnia And Herzegovina,39.2,9.7,55.7,65.8,69.6,46.8,185042,Small (< 500k),24.74489795918367,1.405982905982906,-0.12362330919563028
Barcelona,Spain,57.0,37.5,48.3,63.0,100.0,76.5,4800000,Large (1.5M-5M),65.78947368421053,0.8235294117647058,0.5077637372805093
Bari,Italy,59.7,19.8,49.8,64.15,126.9,66.0,316015,Small (< 500k),33.165829145728644,0.971969696969697,0.09159392199088867
Basel,Switzerland,110.7,50.3,70.7,25.3,119.0,69.5,173552,Small (< 500k),45.43812104787714,0.3640287769784173,0.7015407268345147
Beijing,China,35.7,22.4,74.6,77.7,183.7,69.7,18522000,Mega (> 5M),62.74509803921568,1.114777618364419,0.628861728101425
Belfast,United Kingdom,62.7,27.9,52.5,26.5,152.1,70.7,345006,Small (< 500k),44.497607655502385,0.37482319660537483,0.7290805123781955
Belgaum,India,19.8,4.7,57.4,73.1,196.9,65.5,488157,Small (< 500k),23.737373737373737,1.116030534351145,0.3427629460280094
Belgrade,Serbia,43.8,20.3,62.1,68.9,136.9,53.3,1197714,Medium (500k-1.5M),46.34703196347033,1.2926829268292686,0.12126683346402367
Belo Horizonte,Brazil,29.8,9.1,40.4,53.0,190.0,64.7,5328000,Mega (> 5M),30.536912751677853,0.8191653786707882,0.270931936550762
Bergamo,Italy,59.7,21.1,52.1,64.15,126.9,66.0,119534,Small (< 500k),35.34338358458962,0.971969696969697,0.13716381601439076
Bergen,Norway,81.4,28.6,76.0,21.9,86.0,75.9,291189,Small (< 500k),35.13513513513514,0.28853754940711457,1.0295031838396136
Berlin,Germany,66.0,36.3,55.4,38.4,99.4,67.1,4679500,Large (1.5M-5M),54.99999999999999,0.5722801788375559,0.6057433560324406
Bern,Switzerland,103.4,47.2,77.6,25.3,128.3,71.3,134506,Small (< 500k),45.647969052224376,0.3548387096774194,0.8790426235575333
Bhopal,India,19.8,3.3,57.4,57.3,196.9,65.5,1798218,Large (1.5M-5M),16.666666666666664,0.8748091603053435,0.5182338024911339
Bhubaneswar,India,19.0,3.9,57.4,47.9,196.9,65.5,1355041,Medium (500k-1.5M),20.526315789473685,0.731297709923664,0.6457858829670133
Bilbao,Spain,48.0,28.9,49.4,37.9,95.65,78.25,775000,Medium (500k-1.5M),60.20833333333333,0.48434504792332267,0.8659359750144682
Birmingham,United Kingdom,61.7,32.8,35.6,49.5,131.4,71.2,2590363,Large (1.5M-5M),53.16045380875202,0.6952247191011236,0.2873936700231566
Bitola,North Macedonia,35.9,9.3,53.7,62.2,94.7,54.6,69287,Small (< 500k),25.90529247910864,1.1391941391941391,0.08003611407202507
Bogota,Colombia,29.1,11.5,33.4,70.0,225.0,66.0,8034649,Mega (> 5M),39.51890034364261,1.0606060606060606,0.027098499292113026
Bologna,Italy,65.6,27.3,51.8,60.6,121.3,75.6,387971,Small (< 500k),41.61585365853659,0.8015873015873016,0.37204092689656354
Bonn,Germany,66.4,27.6,60.3,35.400000000000006,101.95,73.85,335789,Small (< 500k),41.566265060240966,0.47935003385240366,0.7530885992180768
Bordeaux,France,69.0,21.8,50.1,63.8,126.6,76.9,994920,Medium (500k-1.5M),31.594202898550726,0.8296488946684004,0.24377851020674723
Bradford,United Kingdom,65.3,33.15,32.9,41.6,134.35000000000002,74.5,293277,Small (< 500k),50.76569678407351,0.5583892617449665,0.37725737313711705
Braga,Portugal,43.8,20.3,66.9,30.55,116.25,75.75,181494,Small (< 500k),46.34703196347033,0.4033003300330033,1.103790641892438
Brampton,Canada,61.2,33.400000000000006,44.5,36.9,184.2,68.2,656480,Medium (500k-1.5M),54.575163398692816,0.5410557184750733,0.5140094144087772
Brasilia,Brazil,30.9,11.4,41.4,29.3,133.1,52.8,141742,Small (< 500k),36.89320388349515,0.5549242424242424,0.3410639733917703
Brasov,Romania,40.1,14.6,74.8,35.7,75.8,52.6,237589,Small (< 500k),36.408977556109726,0.6787072243346008,0.6637788126270489
Bratislava,Slovakia,51.1,22.0,69.5,36.9,101.7,55.2,475503,Small (< 500k),43.05283757338552,0.6684782608695652,0.5888461170907693
Bremen,Germany,64.4,21.2,51.4,35.400000000000006,113.7,73.85,577026,Medium (500k-1.5M),32.919254658385086,0.47935003385240366,0.5835980538862554
Brescia,Italy,59.1,20.5,52.1,76.3,126.9,66.0,196446,Small (< 500k),34.686971235194584,1.156060606060606,-0.008766096665971557
Brighton,United Kingdom,70.0,46.1,60.9,41.6,134.35000000000002,74.5,134293,Small (< 500k),65.85714285714286,0.5583892617449665,0.8531046720052288
Brisbane,Australia,60.1,37.0,62.4,28.7,180.0,74.2,2706966,Large (1.5M-5M),61.56405990016639,0.38679245283018865,1.0330180473293693
Bristol,United Kingdom,68.2,43.7,57.4,41.6,121.7,72.4,707412,Medium (500k-1.5M),64.07624633431085,0.574585635359116,0.755769158083755
Brno,Czech Republic,48.0,22.9,75.1,40.3,82.1,76.1,400566,Small (< 500k),47.70833333333333,0.5295663600525624,1.091152443299303
Brooklyn,"NY, United States",100.0,100.0,55.4,58.1,185.9,62.6,2736074,Large (1.5M-5M),100.0,0.9281150159744409,0.5781782934184869
Brussels,Belgium,70.1,32.8,45.1,62.5,147.8,73.3,1249597,Medium (500k-1.5M),46.79029957203994,0.8526603001364257,0.21847060988237044
Bucharest,Romania,43.7,17.0,71.6,75.3,166.4,55.2,2412530,Large (1.5M-5M),38.901601830663616,1.3641304347826086,0.18270002734226753
Budapest,Hungary,45.1,18.7,66.1,53.1,140.5,52.1,1686222,Large (1.5M-5M),41.46341463414634,1.0191938579654511,0.31270155784384135
Buenos Aires,Argentina,43.7,16.4,36.9,51.9,208.6,68.3,16710000,Mega (> 5M),37.52860411899313,0.7598828696925329,0.23763196125209063
Buffalo,"NY, United States",100.0,100.0,52.2,58.1,109.7,62.6,949547,Medium (500k-1.5M),100.0,0.9281150159744409,0.5334230486632423
Burgas,Bulgaria,37.7,12.6,63.05,47.1,87.4,61.15,210284,Small (< 500k),33.42175066312997,0.7702371218315618,0.5400395166024486
Burlington,Canada,61.2,33.400000000000006,70.6,28.7,135.35000000000002,68.2,186948,Small (< 500k),54.575163398692816,0.4208211143695014,0.9776020717514347
Bursa,Turkey,39.2,14.95,71.0,46.4,127.3,78.0,3101833,Large (1.5M-5M),38.13775510204081,0.5948717948717949,1.0092384404220878
Cagliari,Italy,57.8,20.2,62.2,64.15,126.9,66.0,148117,Small (< 500k),34.94809688581315,0.971969696969697,0.2890603493153203
Cairo,Egypt,20.2,5.2,49.5,91.0,241.6,45.8,20296000,Mega (> 5M),25.742574257425744,1.9868995633187774,-0.38069445327408913
Calgary,Canada,62.8,33.1,61.4,23.8,125.5,73.5,1306784,Medium (500k-1.5M),52.70700636942676,0.3238095238095238,0.995248151267293
Cali,Colombia,28.3,12.15,28.2,66.25,190.75,70.8,2838333,Large (1.5M-5M),42.93286219081272,0.9357344632768362,0.1116961090149256
Cambridge,United Kingdom,73.1,47.5,54.5,41.6,154.6,71.6,138479,Small (< 500k),64.97948016415869,0.5810055865921788,0.6868279598343122
Campinas,Brazil,31.4,10.3,34.0,46.0,111.1,61.3,1213792,Medium (500k-1.5M),32.80254777070064,0.7504078303425775,0.19232979704473052
Canberra,Australia,66.5,36.1,73.5,22.7,147.2,72.6,381488,Small (< 500k),54.28571428571429,0.31267217630853994,1.1516252188280274
Cancun,Mexico,44.0,17.6,44.6,57.8,172.3,71.75,888797,Medium (500k-1.5M),40.0,0.805574912891986,0.3534753440186672
Cape Town,South Africa,34.2,19.3,26.4,38.4,208.2,68.9,4770313,Large (1.5M-5M),56.43274853801169,0.5573294629898403,0.3946617987761683
Cardiff,United Kingdom,65.3,33.5,60.3,41.6,134.35000000000002,74.5,488050,Small (< 500k),51.301684532924966,0.5583892617449665,0.7640824037765807
Casablanca,Morocco,34.7,13.7,44.8,82.1,181.0,44.9,3215935,Large (1.5M-5M),39.48126801152737,1.8285077951002227,-0.4220389369203662
Catania,Italy,47.9,13.3,52.2,64.15,157.6,66.0,311584,Small (< 500k),27.766179540709814,0.971969696969697,0.18183977374228422
Cebu,Philippines,33.5,10.7,48.7,84.3,168.6,60.7,2435108,Large (1.5M-5M),31.940298507462682,1.388797364085667,-0.09244695208640227
Chandigarh,India,19.8,4.7,57.4,51.0,196.9,62.8,1055450,Medium (500k-1.5M),23.737373737373737,0.8121019108280255,0.553732075582665
Charlotte,"NC, United States",66.3,47.8,60.4,35.3,170.4,69.2,1436613,Medium (500k-1.5M),72.09653092006033,0.5101156069364161,0.8708552097474935
Chelyabinsk,Russia,35.4,12.7,62.1,85.1,111.3,64.5,1177058,Medium (500k-1.5M),35.87570621468926,1.3193798449612402,0.1629757417772565
Chengdu,China,27.3,7.4,73.85,72.7,157.7,66.1,14645000,Mega (> 5M),27.106227106227106,1.0998487140695916,0.5390050167386197
Chennai,India,20.6,5.1,60.3,74.2,197.3,69.7,12395000,Mega (> 5M),24.757281553398055,1.0645624103299856,0.450859442761681
Chiang Mai,Thailand,31.1,10.4,77.8,77.8,115.9,85.0,1198000,Medium (500k-1.5M),33.440514469453376,0.9152941176470588,0.9066383381139494
Chittagong,Bangladesh,23.5,3.0,38.3,94.6,283.9,39.7,19134000,Mega (> 5M),12.76595744680851,2.382871536523929,-0.7613604294028823
Chongqing,China,34.1,6.3,73.85,69.05,157.7,66.1,12135000,Mega (> 5M),18.47507331378299,1.0446293494704992,0.500256176864938
Christchurch,New Zealand,57.8,28.7,55.3,25.5,98.9,70.2,383200,Small (< 500k),49.653979238754324,0.36324786324786323,0.8297492309369543
Cincinnati,"OH, United States",55.3,38.3,50.4,29.9,128.5,68.0,1704916,Large (1.5M-5M),69.25858951175407,0.43970588235294117,0.7889732569641057
Cleveland,"OH, United States",60.9,34.5,50.4,29.9,148.2,78.5,1679247,Large (1.5M-5M),56.65024630541872,0.3808917197452229,0.9036483968759905
Cluj-Napoca,Romania,40.9,17.5,77.6,42.9,102.1,66.3,286598,Small (< 500k),42.78728606356969,0.6470588235294118,0.9152402884537925
Coimbatore,India,17.1,3.9,57.4,63.3,198.9,69.1,959823,Medium (500k-1.5M),22.807017543859647,0.9160636758321273,0.5534803656056366
Cologne,Germany,67.1,30.0,55.6,38.8,137.0,72.8,1087353,Medium (500k-1.5M),44.70938897168406,0.532967032967033,0.642638629975468
Colorado Springs,"CO, United States",68.7,41.2,52.1,44.0,122.8,68.5,638421,Medium (500k-1.5M),59.97088791848617,0.6423357664233577,0.5428354756676351
Columbus,"OH, United States",66.5,39.2,50.4,29.9,140.1,70.7,1578153,Large (1.5M-5M),58.94736842105264,0.42291371994342286,0.7355070586377023
Constanta,Romania,42.4,14.5,50.9,55.9,102.1,56.3,263707,Small (< 500k),34.19811320754717,0.9928952042628775,0.1364834597378503
Copenhagen,Denmark,81.3,47.0,74.2,21.8,82.0,76.9,1366301,Medium (500k-1.5M),57.81057810578106,0.2834850455136541,1.216512136400304
Cordoba,Argentina,39.5,10.7,38.4,51.9,208.6,71.1,2106734,Large (1.5M-5M),27.088607594936708,0.7299578059071731,0.3005534148091976
Cork,Ireland,71.0,47.1,63.1,26.1,135.2,56.2,222333,Small (< 500k),66.33802816901408,0.46441281138790036,0.6995537336249962
Coventry,United Kingdom,65.3,33.15,35.0,41.6,134.35000000000002,74.5,362690,Small (< 500k),50.76569678407351,0.5583892617449665,0.40662800250774656
Craiova,Romania,37.0,9.8,61.8,55.9,102.1,56.3,234140,Small (< 500k),26.486486486486488,0.9928952042628775,0.2970811775228858
Cuenca,Ecuador,32.8,10.5,54.0,47.0,110.5,80.1,361524,Small (< 500k),32.01219512195122,0.5867665418227216,0.8279844508744144
Curitiba,Brazil,28.7,9.3,39.1,31.2,133.3,67.0,1773718,Large (1.5M-5M),32.40418118466899,0.46567164179104475,0.5749203075845701
Da Nang,Vietnam,24.2,11.55,57.5,90.85,110.75,59.45,11861550,Mega (> 5M),47.72727272727273,1.5281749369217827,0.03284752905486059
Dallas,"TX, United States",67.0,46.5,48.8,40.9,163.5,66.1,5843632,Mega (> 5M),69.40298507462687,0.6187594553706506,0.5578171307036711
Darmstadt,Germany,68.6,28.2,60.3,35.400000000000006,101.95,73.85,164792,Small (< 500k),41.10787172011662,0.47935003385240366,0.7362133695826838
Davao,Philippines,33.9,10.7,71.5,55.9,105.7,62.5,1910167,Large (1.5M-5M),31.563421828908556,0.8944,0.6000246954870325
Debrecen,Hungary,43.55,14.75,66.1,53.1,140.5,58.8,201704,Small (< 500k),33.8691159586682,0.903061224489796,0.4238548181786045
Dehradun,India,19.8,4.7,57.4,69.7,196.9,65.5,1355041,Medium (500k-1.5M),23.737373737373737,1.0641221374045802,0.38362833064339386
Delft,Netherlands,64.1,39.2,77.95,21.9,77.1,81.85,109435,Small (< 500k),61.15444617784712,0.2675626145387905,1.4678413248349276
Delhi,India,21.5,6.6,41.0,90.2,286.2,65.8,32226000,Mega (> 5M),30.69767441860465,1.3708206686930091,-0.08429573263551156
Denver,"CO, United States",71.3,51.9,52.1,44.0,167.9,68.5,2691349,Large (1.5M-5M),72.79102384291726,0.6423357664233577,0.625891085255048
Dhaka,Bangladesh,23.5,3.5,38.3,94.6,283.9,39.7,19134000,Mega (> 5M),14.893617021276595,2.382871536523929,-0.7562057902276246
Dnipro,Ukraine,28.3,12.5,46.1,80.7,125.1,53.9,968502,Medium (500k-1.5M),44.16961130742049,1.49721706864564,-0.15012914098602298
Dortmund,Germany,65.1,21.1,60.3,35.400000000000006,101.95,73.85,595471,Medium (500k-1.5M),32.411674347158225,0.47935003385240366,0.6997051243212775
Dresden,Germany,63.3,21.2,68.5,35.400000000000006,101.95,73.85,566222,Medium (500k-1.5M),33.4913112164297,0.47935003385240366,0.8342892913699458
Drogheda,Ireland,71.0,49.9,49.5,33.95,147.7,51.5,40956,Small (< 500k),70.28169014084507,0.6592233009708739,0.34871726085332977
Dubai,United Arab Emirates,58.4,59.0,83.9,49.2,169.4,69.7,3331420,Large (1.5M-5M),101.02739726027397,0.7058823529411765,1.2408538300608247
Dublin,Ireland,72.2,59.7,46.0,41.8,160.2,51.5,592713,Medium (500k-1.5M),82.68698060941828,0.8116504854368931,0.2938675618466696
Durban,South Africa,30.6,10.9,19.6,53.5,119.1,58.7,838634,Medium (500k-1.5M),35.62091503267974,0.9114139693356047,-0.1372733028253598
Dusseldorf,Germany,67.7,34.3,64.5,35.400000000000006,110.6,72.6,631217,Medium (500k-1.5M),50.66469719350073,0.48760330578512406,0.8419715448015415
Edinburgh,United Kingdom,70.6,39.8,69.0,28.7,115.6,75.8,488050,Small (< 500k),56.37393767705382,0.3786279683377309,1.0765174899043555
Edmonton,Canada,59.4,28.5,53.4,28.7,118.4,76.7,1151635,Medium (500k-1.5M),47.979797979797986,0.3741851368970013,0.8774598691307056
Eindhoven,Netherlands,66.3,36.5,79.1,19.2,76.5,80.4,243730,Small (< 500k),55.052790346908,0.2388059701492537,1.4361290890830252
Erlangen,Germany,62.1,23.6,60.3,35.400000000000006,101.95,73.85,117806,Small (< 500k),38.00322061191627,0.47935003385240366,0.7569248610780692
Eskisehir,Turkey,39.2,14.95,75.1,60.0,141.4,73.2,820568,Medium (500k-1.5M),38.13775510204081,0.819672131147541,0.8059535674003728
Essen,Germany,66.0,19.0,60.3,35.400000000000006,101.95,73.85,586608,Medium (500k-1.5M),28.78787878787879,0.47935003385240366,0.6686216775210441
Faridabad,India,19.8,4.7,57.4,94.5,196.9,65.5,1404653,Medium (500k-1.5M),23.737373737373737,1.4427480916030535,0.08555140756647084
Florence,Italy,62.6,28.5,58.5,47.3,105.7,67.1,360930,Small (< 500k),45.52715654952076,0.7049180327868853,0.49735588740681286
Florianopolis,Brazil,31.8,13.5,53.2,53.0,172.6,60.5,342315,Small (< 500k),42.45283018867924,0.8760330578512396,0.3893291368120272
Fort Lauderdale,"FL, United States",65.80000000000001,47.2,48.9,36.7,146.1,64.65,183032,Small (< 500k),71.73252279635257,0.5676720804331014,0.6001393858099562
Fort Worth,"TX, United States",64.1,39.9,50.3,43.7,127.4,67.19999999999999,941311,Medium (500k-1.5M),62.24648985959439,0.6502976190476192,0.5297665977443295
Fortaleza,Brazil,30.3,6.5,24.3,53.0,172.6,61.3,4167996,Large (1.5M-5M),21.45214521452145,0.8646003262642741,-0.055114013413328194
Frankfurt,Germany,70.3,38.1,54.5,32.7,81.4,77.7,775790,Medium (500k-1.5M),54.196301564722624,0.4208494208494209,0.8497237833839424
Freiburg im Breisgau,Germany,65.8,28.7,67.0,35.400000000000006,101.95,73.85,237244,Small (< 500k),43.61702127659575,0.47935003385240366,0.864424407286038
Fresno,"CA, United States",76.3,69.85,50.6,48.0,124.9,67.25,724547,Medium (500k-1.5M),91.54652686762778,0.7137546468401487,0.6641721423986549
Galway,Ireland,63.7,49.9,69.3,33.95,147.7,48.3,83456,Small (< 500k),78.33594976452119,0.7028985507246378,0.6373829259837416
Gdansk,Poland,45.3,21.4,68.2,52.2,119.3,50.8,749786,Medium (500k-1.5M),47.24061810154526,1.0275590551181104,0.3523123209207859
Geneva,Switzerland,111.4,66.1,69.6,25.8,135.3,69.9,203840,Small (< 500k),59.335727109515254,0.3690987124463519,0.8437927337898802
Genoa,Italy,60.5,19.7,55.0,64.15,126.9,66.8,558745,Medium (500k-1.5M),32.56198347107438,0.9603293413173654,0.17109885463211472
Gent,Belgium,69.15,28.7,74.6,60.35,139.7,79.9,265086,Small (< 500k),41.50397686189443,0.7553191489361701,0.7581926375317388
Ghaziabad,India,19.8,4.7,41.6,91.8,196.9,65.5,2375820,Large (1.5M-5M),23.737373737373737,1.4015267175572519,-0.10297569033562692
Glasgow,United Kingdom,66.7,34.8,54.5,33.7,124.3,78.7,626410,Medium (500k-1.5M),52.17391304347826,0.4282083862770013,0.8616626980943711
Goa,India,19.8,4.7,57.4,49.7,196.9,65.5,71368,Small (< 500k),23.737373737373737,0.7587786259541985,0.6240129460280093
Gold Coast,Australia,64.4,38.2,52.7,23.4,112.9,78.6,607665,Medium (500k-1.5M),59.3167701863354,0.29770992366412213,1.017422219411452
Gothenburg,Sweden,63.2,25.0,54.1,19.5,91.4,70.3,674529,Medium (500k-1.5M),39.55696202531646,0.2773826458036984,0.7923575867852848
Graz,Austria,65.4,20.3,72.3,15.8,96.0,74.75,292630,Small (< 500k),31.039755351681958,0.211371237458194,1.1099407619436876
Grenoble,France,69.0,21.8,38.8,63.8,91.5,76.9,156389,Small (< 500k),31.594202898550726,0.8296488946684004,0.08573655216478915
Groningen,Netherlands,61.0,28.3,77.9,21.9,74.6,78.6,233273,Small (< 500k),46.39344262295082,0.2786259541984733,1.321476175340651
Guadalajara,Mexico,37.2,17.6,37.8,57.8,189.4,79.9,5525000,Mega (> 5M),47.31182795698925,0.7234042553191489,0.49462903199459934
Guangzhou,China,34.1,12.3,71.0,68.1,137.7,67.3,26940000,Mega (> 5M),36.070381231671554,1.011887072808321,0.5579614743143688
Guayaquil,Ecuador,34.3,10.7,25.7,70.9,148.55,75.1,3094420,Large (1.5M-5M),31.195335276967928,0.9440745672436752,0.0300446500166692
Guelph,Canada,61.2,33.400000000000006,65.8,28.7,135.35000000000002,68.2,144356,Small (< 500k),54.575163398692816,0.4208211143695014,0.9104692046185678
Gurgaon,India,24.3,9.0,46.0,90.8,167.0,65.1,876824,Medium (500k-1.5M),37.03703703703704,1.3947772657450077,-0.04035507843337571
Guwahati,India,19.8,3.7,57.4,76.0,196.9,65.5,1116267,Medium (500k-1.5M),18.68686868686869,1.1603053435114503,0.2975978984467246
Gwalior,India,19.8,4.7,57.4,83.0,196.9,65.5,1069276,Medium (500k-1.5M),23.737373737373737,1.2671755725190839,0.2237725614126247
Haarlem,Netherlands,72.6,40.8,77.95,21.9,77.1,81.85,162543,Small (< 500k),56.19834710743802,0.2675626145387905,1.3952376377009932
Haifa,Israel,68.5,23.5,68.9,71.2,108.7,74.5,600000,Medium (500k-1.5M),34.306569343065696,0.9557046979865772,0.39195713284271205
Halifax,Canada,61.2,35.2,60.1,24.3,123.7,65.2,439819,Small (< 500k),57.516339869281055,0.3726993865030675,0.8414614963745599
Hamburg,Germany,69.9,32.7,58.0,29.1,114.4,74.9,2496600,Large (1.5M-5M),46.78111587982833,0.3885180240320427,0.8337866701855189
Hamilton,Canada,64.3,33.400000000000006,44.0,60.2,151.7,74.8,729560,Medium (500k-1.5M),51.94401244167965,0.804812834224599,0.3280768104492368
Hamilton,New Zealand,62.4,31.3,44.4,25.5,165.6,69.0,729560,Medium (500k-1.5M),50.16025641025641,0.3695652173913043,0.6315962748749286
Hangzhou,China,32.9,13.2,73.85,65.0,157.7,66.1,9523000,Mega (> 5M),40.121580547112465,0.9833585476550681,0.6326466984510805
Hanoi,Vietnam,26.9,10.0,65.7,89.3,103.5,56.5,8587100,Mega (> 5M),37.17472118959108,1.5805309734513273,0.062164784006447704
Hanover,Germany,64.7,23.6,54.1,35.400000000000006,74.7,73.85,16483,Small (< 500k),36.476043276661514,0.47935003385240366,0.6429579056016799
Heidelberg,Germany,68.5,32.3,60.3,35.400000000000006,101.95,73.85,162960,Small (< 500k),47.153284671532845,0.47935003385240366,0.7795296288491471
Helsinki,Finland,68.8,29.9,74.6,12.4,73.8,79.9,1360075,Medium (500k-1.5M),43.4593023255814,0.15519399249061325,1.3505546500396983
Ho Chi Minh City,Vietnam,27.4,13.1,49.3,92.4,118.0,62.4,15136000,Mega (> 5M),47.81021897810219,1.4807692307692308,-0.05831458962838279
Hobart,Australia,65.5,37.0,66.1,21.1,180.0,73.3,197451,Small (< 500k),56.48854961832062,0.2878581173260573,1.101290055857088
Houston,"TX, United States",61.1,43.0,36.8,57.1,205.6,69.4,6046392,Mega (> 5M),70.37643207855973,0.8227665706051873,0.2878374333480153
Hyderabad,India,21.6,6.6,57.3,75.9,178.6,65.5,10494000,Mega (> 5M),30.555555555555554,1.1587786259541986,0.3084302028132393
Iasi,Romania,37.4,10.6,67.8,58.9,132.1,56.3,271692,Small (< 500k),28.342245989304814,1.0461811722912966,0.3489941196942892
Iloilo,Philippines,33.9,10.7,59.8,77.5,168.6,62.5,574000,Medium (500k-1.5M),31.563421828908556,1.24,0.17677294723528414
Indore,India,17.7,4.5,51.8,60.2,196.9,65.5,1994397,Large (1.5M-5M),25.423728813559322,0.9190839694656489,0.439440067575657
Irvine,"CA, United States",76.3,69.85,69.8,48.0,209.9,67.25,308160,Small (< 500k),91.54652686762778,0.7137546468401487,0.9327036109301234
Islamabad,Pakistan,19.9,5.9,68.4,41.1,161.7,63.7,1014825,Medium (500k-1.5M),29.648241206030157,0.6452119309262166,0.8561101535172538
Istanbul,Turkey,41.4,21.4,52.0,67.7,238.6,70.0,14441000,Mega (> 5M),51.690821256038646,0.9671428571428572,0.36898528818027254
Izmir,Turkey,40.7,14.6,67.4,60.0,162.4,73.3,2965900,Large (1.5M-5M),35.87223587223587,0.8185538881309686,0.680954033343109
Jacksonville,"FL, United States",59.6,38.2,43.4,38.7,164.7,72.9,1303156,Medium (500k-1.5M),64.09395973154362,0.5308641975308642,0.638387908596481
Jaipur,India,18.8,3.9,65.2,61.1,196.5,72.9,3073350,Large (1.5M-5M),20.74468085106383,0.8381344307270233,0.7481169528129787
Jakarta,Indonesia,28.0,12.3,47.1,85.3,257.8,57.2,33756000,Mega (> 5M),43.92857142857143,1.491258741258741,-0.12354717068732494
Jalandhar,India,19.8,4.7,57.4,80.5,196.9,65.5,873725,Medium (500k-1.5M),23.737373737373737,1.2290076335877862,0.2538206383357017
Jammu,India,19.8,4.7,57.4,66.0,196.9,65.5,502197,Medium (500k-1.5M),23.737373737373737,1.0076335877862594,0.4280994844895477
Jamshedpur,India,19.8,4.7,57.4,56.4,196.9,65.5,1558000,Large (1.5M-5M),23.737373737373737,0.8610687022900763,0.5434840998741631
Jeddah (Jiddah),Saudi Arabia,41.0,12.8,74.7,65.8,141.7,60.7,4070156,Large (1.5M-5M),31.21951219512195,1.0840197693574958,0.43657831311555517
Jerusalem,Israel,71.4,27.2,63.8,58.55,129.55,72.3,936425,Medium (500k-1.5M),38.095238095238095,0.809820193637621,0.4358833248350986
Johannesburg,South Africa,35.1,12.5,19.2,61.9,201.1,60.3,7860781,Mega (> 5M),35.61253561253561,1.0265339966832505,-0.24211554887362266
Johor Bahru,Malaysia,34.6,13.1,51.0,65.1,192.6,69.4,497097,Small (< 500k),37.861271676300575,0.9380403458213254,0.35981534089293327
Kaliningrad,Russia,32.6,11.7,62.1,37.0,92.7,69.9,489584,Small (< 500k),35.88957055214724,0.5293276108726752,0.869453309139232
Kamloops,Canada,61.2,33.400000000000006,45.2,28.7,135.35000000000002,68.2,97902,Small (< 500k),54.575163398692816,0.4208211143695014,0.6223573165066796
Kanpur,India,19.8,4.7,57.4,88.3,196.9,65.5,243800,Small (< 500k),23.737373737373737,1.3480916030534351,0.16007063833570168
Kansas City,"MO, United States",63.2,31.4,41.9,32.2,131.6,72.9,1686807,Large (1.5M-5M),49.68354430379746,0.44170096021947874,0.587694945777351
Kaohsiung,Taiwan,47.4,11.9,83.6,67.19999999999999,124.0,89.1,2737660,Large (1.5M-5M),25.105485232067515,0.7542087542087541,1.0427613955453872
Karachi,Pakistan,19.2,3.7,42.7,89.4,187.8,56.7,20249000,Mega (> 5M),19.270833333333336,1.5767195767195767,-0.24090254310113499
Karlsruhe,Germany,65.1,26.7,63.0,35.400000000000006,101.95,73.85,309964,Small (< 500k),41.013824884792626,0.47935003385240366,0.7951993208464021
Katowice,Poland,41.1,15.0,73.35,59.45,157.2,57.6,285711,Small (< 500k),36.496350364963504,1.0321180555555556,0.45289846752358837
Kaunas,Lithuania,49.8,16.4,63.3,23.9,102.5,74.5,305120,Small (< 500k),32.93172690763052,0.3208053691275168,1.0049659651054594
Kazan,Russia,35.4,13.3,62.1,60.2,141.3,64.5,1259173,Medium (500k-1.5M),37.57062146892656,0.9333333333333333,0.46844015494141167
Kelowna,Canada,61.4,33.7,37.7,26.3,111.5,73.6,181380,Small (< 500k),54.88599348534202,0.3573369565217392,0.6566164537948711
Kharkiv,Ukraine,25.4,4.8,52.8,56.9,135.3,49.2,1421125,Medium (500k-1.5M),18.89763779527559,1.1565040650406504,0.0855100241752888
Kiel,Germany,66.0,19.8,60.3,35.400000000000006,101.95,73.85,248873,Small (< 500k),30.0,0.47935003385240366,0.6768691002014564
Kiev (Kyiv),Ukraine,29.3,14.0,54.7,64.9,177.8,58.0,968502,Medium (500k-1.5M),47.781569965870304,1.1189655172413795,0.2480321140968196
Kitchener,Canada,61.2,33.400000000000006,56.8,28.7,135.35000000000002,65.3,522888,Medium (500k-1.5M),54.575163398692816,0.439509954058193,0.7258906253031463
Klang,Malaysia,34.6,13.1,44.7,65.1,192.6,69.4,878000,Medium (500k-1.5M),37.861271676300575,0.9380403458213254,0.2717034527810452
Knoxville,"TN, United States",67.0,50.6,22.0,38.2,128.5,63.8,618226,Medium (500k-1.5M),75.5223880597015,0.5987460815047023,0.2111532157390913
Kochi,India,19.5,5.1,57.4,70.8,196.9,64.4,677381,Medium (500k-1.5M),26.15384615384615,1.0993788819875776,0.35540833574776365
Kolkata,India,19.5,4.2,53.3,78.1,269.3,60.0,21747000,Mega (> 5M),21.53846153846154,1.3016666666666665,0.11197811736332687
Kosice,Slovakia,48.1,18.3,69.5,36.9,101.7,55.2,229040,Small (< 500k),38.04573804573805,0.6684782608695652,0.5821483280743653
Krakow (Cracow),Poland,45.1,22.4,75.2,69.8,105.3,58.5,670642,Medium (500k-1.5M),49.66740576496674,1.1931623931623931,0.40695211703776746
Krasnodar,Russia,35.4,12.7,62.1,60.2,224.4,64.5,1138654,Medium (500k-1.5M),35.87570621468926,0.9333333333333333,0.4622545879311024
Kuala Lumpur,Malaysia,34.6,13.1,39.8,65.1,192.6,69.4,8911000,Mega (> 5M),37.861271676300575,0.9380403458213254,0.20317198424957655
Lahore,Pakistan,18.5,3.3,63.2,78.7,148.9,63.6,12306000,Mega (> 5M),17.837837837837835,1.2374213836477987,0.31730644106848943
Larnaca,Cyprus,52.8,24.3,64.75,60.0,106.25,53.25,90419,Small (< 500k),46.02272727272727,1.1267605633802817,0.21118626938467955
Las Vegas,"NV, United States",64.0,39.9,44.1,52.0,126.4,53.6,2256509,Large (1.5M-5M),62.34375,0.9701492537313433,0.06903826995108131
Lausanne,Switzerland,110.5,50.5,72.6,25.3,107.1,70.3,141418,Small (< 500k),45.70135746606335,0.35988620199146515,0.7484667771205499
Leeds,United Kingdom,64.4,31.6,54.9,41.6,123.2,79.1,536280,Medium (500k-1.5M),49.06832298136646,0.5259165613147915,0.7715216705571591
Leiden,Netherlands,66.0,36.1,77.95,21.9,77.1,81.85,124093,Small (< 500k),54.6969696969697,0.2675626145387905,1.4159664193906776
Leipzig,Germany,62.9,22.8,56.8,35.400000000000006,86.8,73.85,619879,Medium (500k-1.5M),36.24801271860096,0.47935003385240366,0.6913406452118073
Leuven,Belgium,69.15,28.7,52.6,60.35,84.2,79.8,415062,Small (< 500k),41.50397686189443,0.7562656641604011,0.448476038341455
Liege,Belgium,69.15,28.7,39.3,60.35,143.75,79.8,195278,Small (< 500k),41.50397686189443,0.7562656641604011,0.262462052327469
Lille,France,69.0,21.8,50.0,63.8,126.6,76.9,238695,Small (< 500k),31.594202898550726,0.8296488946684004,0.24237990880814586
Limassol,Cyprus,60.5,37.6,60.9,59.7,99.2,50.9,235056,Small (< 500k),62.14876033057851,1.1728880157170924,0.16977564836876313
Limerick,Ireland,71.0,49.9,57.1,33.95,147.7,51.5,62702,Small (< 500k),70.28169014084507,0.6592233009708739,0.4550109671470359
Lisbon,Portugal,51.5,40.5,68.0,36.4,132.6,72.6,548703,Medium (500k-1.5M),78.64077669902912,0.5013774104683196,1.1126322095112724
Liverpool,United Kingdom,62.2,27.9,50.6,41.6,142.2,79.1,513441,Medium (500k-1.5M),44.85530546623794,0.5259165613147915,0.696298277166094
Lodz,Poland,42.8,15.7,61.2,58.9,144.9,57.6,670642,Medium (500k-1.5M),36.68224299065421,1.0225694444444444,0.2789757628630046
London,Canada,54.7,36.2,46.0,28.7,114.9,67.3,11262000,Mega (> 5M),66.17915904936015,0.4264487369985141,0.7123276555029094
London,United Kingdom,83.2,71.4,44.7,58.1,160.0,69.6,11262000,Mega (> 5M),85.8173076923077,0.8347701149425288,0.45148361673251214
Los Angeles,"CA, United States",76.3,64.7,46.1,68.0,312.5,61.9,11885717,Mega (> 5M),84.79685452162518,1.0985460420032311,0.19945808543012133
Lucknow (Lakhnau),India,17.9,3.9,57.4,78.1,196.9,65.5,1355041,Medium (500k-1.5M),21.787709497206706,1.1923664122137403,0.2943355120590952
Ludhiana,India,19.8,4.7,57.4,87.1,196.9,65.5,1618879,Large (1.5M-5M),23.737373737373737,1.329770992366412,0.17449371525877866
Lugano,Switzerland,108.4,42.4,78.6,25.3,128.3,70.1,63185,Small (< 500k),39.11439114391143,0.36091298145506423,0.7668417020178592
Lund,Sweden,60.1,25.0,67.3,18.8,100.5,68.2,674529,Medium (500k-1.5M),41.597337770382694,0.2756598240469208,0.9753710703914946
Lviv,Ukraine,26.3,11.2,62.4,49.2,109.4,61.0,717273,Medium (500k-1.5M),42.585551330798474,0.8065573770491804,0.6077356513043812
Lyon,France,70.2,24.2,42.5,51.7,141.6,76.1,520774,Medium (500k-1.5M),34.47293447293447,0.6793692509855455,0.2788868159259632
Maastricht,Netherlands,66.6,32.2,77.95,21.9,77.1,81.85,120227,Small (< 500k),48.34834834834836,0.2675626145387905,1.3694709256475668
Madison,"WI, United States",64.1,44.6,33.3,29.6,143.8,69.7,460255,Small (< 500k),69.57878315132606,0.4246771879483501,0.5605364095250611
Madrid,Spain,55.8,38.0,71.5,37.9,103.4,80.0,6211000,Mega (> 5M),68.10035842293907,0.47375,1.2225054120203351
Mainz,Germany,65.5,26.3,60.3,35.400000000000006,101.95,73.85,222889,Small (< 500k),40.152671755725194,0.47935003385240366,0.7491204996265577
Makati,Philippines,33.9,10.7,61.9,70.1,168.6,85.0,2435108,Large (1.5M-5M),31.563421828908556,0.8247058823529411,0.7505514713427557
Malaga,Spain,48.0,28.9,69.1,37.9,91.3,70.8,967250,Medium (500k-1.5M),60.20833333333333,0.5353107344632768,0.9906507339397532
Malmo,Sweden,64.7,23.7,44.5,18.8,100.5,68.2,360249,Small (< 500k),36.630602782071094,0.2756598240469208,0.5948698603046005
Manchester,United Kingdom,67.4,38.7,43.8,53.3,156.9,74.5,547627,Medium (500k-1.5M),57.418397626112764,0.7154362416107383,0.42428384181367795
Mangalore,India,19.8,4.7,74.1,50.3,135.9,62.0,623841,Medium (500k-1.5M),23.737373737373737,0.8112903225806452,0.7795176387037545
Manila,Philippines,34.3,15.4,35.3,89.8,233.6,62.5,24922000,Mega (> 5M),44.89795918367348,1.4367999999999999,-0.26946019775357444
Mannheim,Germany,64.2,22.8,60.3,35.400000000000006,101.95,73.85,316877,Small (< 500k),35.51401869158878,0.47935003385240366,0.7266648597813046
Marrakech,Morocco,31.6,9.5,54.7,84.1,181.0,46.5,966987,Medium (500k-1.5M),30.063291139240505,1.8086021505376342,-0.2860314061919896
Marseille,France,69.0,21.8,34.7,73.1,126.6,76.9,877215,Medium (500k-1.5M),31.594202898550726,0.9505851755526656,-0.0833849513317142
Medellin,Colombia,30.3,12.8,46.8,62.5,156.5,78.9,2529403,Large (1.5M-5M),42.244224422442244,0.7921419518377693,0.5666123662162665
Meerut,India,19.8,4.7,57.4,82.3,196.9,65.5,1305429,Medium (500k-1.5M),23.737373737373737,1.2564885496183205,0.23218602295108637
Melbourne,Australia,65.4,38.7,56.2,27.2,184.0,73.3,5031195,Mega (> 5M),59.174311926605505,0.3710777626193724,0.9080852009284681
Memphis,"TN, United States",67.0,50.6,22.0,38.2,116.2,63.8,1033394,Medium (500k-1.5M),75.5223880597015,0.5987460815047023,0.2111532157390913
Merida,Mexico,38.0,14.8,75.8,35.6,172.3,71.75,892363,Medium (500k-1.5M),38.94736842105264,0.4961672473867596,1.0906930058387894
Mexico City,Mexico,41.8,26.6,33.0,80.7,259.1,66.1,21804000,Mega (> 5M),63.63636363636365,1.2208774583963693,-0.08253097066976584
Miami,"FL, United States",74.9,69.0,47.3,39.1,212.0,63.0,6113982,Mega (> 5M),92.12283044058745,0.6206349206349207,0.6448692272399581
Milan,Italy,68.2,41.5,47.0,67.7,130.5,70.2,1354196,Medium (500k-1.5M),60.85043988269795,0.9643874643874644,0.22939786422568675
Milwaukee,"WI, United States",64.1,44.6,33.3,32.0,136.5,63.8,1290221,Medium (500k-1.5M),69.57878315132606,0.5015673981191223,0.41225705729834056
Mississauga,Canada,60.5,41.4,55.8,23.5,162.7,70.2,717961,Medium (500k-1.5M),68.4297520661157,0.33475783475783477,0.9634066477275164
Modena,Italy,62.9,22.6,52.1,64.15,126.9,66.0,184153,Small (< 500k),35.93004769475358,0.971969696969697,0.11908475660096063
Moncton,Canada,61.2,33.400000000000006,51.2,28.7,135.35000000000002,68.2,119785,Small (< 500k),54.575163398692816,0.4208211143695014,0.7062734004227635
Monterrey,Mexico,44.8,23.5,51.9,71.5,135.9,68.8,5324281,Mega (> 5M),52.45535714285715,1.0392441860465116,0.2836321834210644
Montpellier,France,69.0,20.6,38.9,63.8,126.6,76.9,307101,Small (< 500k),29.855072463768117,0.8296488946684004,0.07476401954277201
Montreal,Canada,59.4,28.4,67.1,33.6,165.0,62.1,3675219,Large (1.5M-5M),47.81144781144781,0.5410628019323671,0.7135965434303613
Moscow,Russia,45.2,31.4,64.7,54.9,214.3,67.5,17332000,Mega (> 5M),69.46902654867256,0.8133333333333334,0.7131070305892622
Mumbai,India,25.4,18.7,55.9,83.3,257.4,65.5,24973000,Mega (> 5M),73.62204724409449,1.2717557251908396,0.2848174584664453
Munich,Germany,72.3,45.7,78.8,25.2,104.3,77.0,2606021,Large (1.5M-5M),63.20885200553251,0.32727272727272727,1.3229442684043984
Mysore,India,19.8,4.7,57.4,58.6,196.9,65.5,920550,Medium (500k-1.5M),23.737373737373737,0.8946564885496183,0.5170417921818554
Nagpur,India,19.8,4.7,57.4,60.7,196.9,65.5,2405665,Large (1.5M-5M),23.737373737373737,0.9267175572519084,0.49180140756647084
Nanjing,China,29.2,11.0,73.85,69.05,157.7,66.1,8422000,Mega (> 5M),37.67123287671233,1.0446293494704992,0.6000724685505157
Nantes,France,69.0,21.8,41.5,63.8,106.8,76.9,325070,Small (< 500k),31.594202898550726,0.8296488946684004,0.1234987899270269
Naples,Italy,56.3,24.4,37.2,78.6,199.5,59.0,913462,Medium (500k-1.5M),43.3392539964476,1.3322033898305083,-0.31694605029629686
Nashville,"TN, United States",67.0,50.6,22.0,38.2,184.0,63.8,1178679,Medium (500k-1.5M),75.5223880597015,0.5987460815047023,0.2111532157390913
Navi Mumbai,India,19.8,4.7,63.5,59.2,196.9,65.5,1355041,Medium (500k-1.5M),23.737373737373737,0.9038167938931299,0.5951449390350023
Netanya,Israel,70.9,30.4,68.9,58.55,129.55,73.6,217200,Small (< 500k),42.877291960507755,0.7955163043478262,0.5717585665058541
New York,"NY, United States",100.0,100.0,49.0,58.1,166.6,62.6,18832416,Mega (> 5M),100.0,0.9281150159744409,0.48866780390799747
Newcastle upon Tyne,United Kingdom,65.3,28.7,61.1,41.6,137.3,77.8,488050,Small (< 500k),43.9509954058193,0.5347043701799487,0.7925882983161158
Newcastle,Australia,64.9,37.0,51.9,26.0,180.0,73.3,507710,Medium (500k-1.5M),57.01078582434514,0.3547066848567531,0.8500837346625592
Nice,France,69.0,21.8,44.2,63.8,126.6,76.9,353701,Small (< 500k),31.594202898550726,0.8296488946684004,0.16126102768926487
Nicosia,Cyprus,54.5,21.2,68.6,60.3,113.3,55.6,330000,Small (< 500k),38.89908256880734,1.0845323741007193,0.25921903481694364
Nijmegen,Netherlands,71.3,33.5,77.95,21.9,77.1,81.85,177659,Small (< 500k),46.984572230014024,0.2675626145387905,1.3336067401237819
Nis,Serbia,34.7,8.5,61.650000000000006,61.6,106.1,49.3,183164,Small (< 500k),24.49567723342939,1.2494929006085194,0.09548020800145107
Nizhny Novgorod,Russia,33.7,13.2,72.0,34.4,96.3,74.5,1177058,Medium (500k-1.5M),39.16913946587536,0.461744966442953,1.1362157757105749
Noida,India,21.7,5.8,44.9,91.2,215.7,67.5,637272,Medium (500k-1.5M),26.72811059907834,1.3511111111111112,-0.01770041213281317
Nottingham,United Kingdom,62.2,28.2,48.8,41.6,134.35000000000002,74.5,289301,Small (< 500k),45.33762057877813,0.5583892617449665,0.581098826589541
Novi Sad,Serbia,41.9,14.7,61.2,54.3,75.3,50.6,260438,Small (< 500k),35.08353221957041,1.0731225296442688,0.191688503456802
Novosibirsk,Russia,34.8,11.2,53.8,67.6,167.7,57.2,1633851,Large (1.5M-5M),32.18390804597701,1.1818181818181817,0.10028047545297938
Nuremberg,Germany,64.8,24.8,64.7,35.400000000000006,110.7,65.8,526091,Medium (500k-1.5M),38.27160493827161,0.5379939209726445,0.6395771042576524
Oakland,"CA, United States",76.3,69.85,31.3,40.3,159.5,77.6,438072,Small (< 500k),91.54652686762778,0.5193298969072165,0.6963043194321474
Oakville,Canada,61.2,33.400000000000006,73.9,28.7,135.35000000000002,68.2,213759,Small (< 500k),54.575163398692816,0.4208211143695014,1.023755917905281
Odense,Denmark,72.6,25.2,74.2,21.8,82.0,76.9,182387,Small (< 500k),34.710743801652896,0.2834850455136541,1.082964836912526
Odessa (Odesa),Ukraine,26.7,6.4,44.8,62.1,147.2,51.0,968502,Medium (500k-1.5M),23.970037453183522,1.2176470588235295,-0.049572829769987226
Olomouc,Czech Republic,44.3,16.2,75.25,36.85,82.1,76.1,102293,Small (< 500k),36.56884875846501,0.4842312746386334,1.1044285936885518
Oradea,Romania,36.5,8.3,71.6,55.9,102.1,56.3,183105,Small (< 500k),22.73972602739726,0.9928952042628775,0.4239212872068
Orlando,"FL, United States",64.4,42.6,50.5,34.7,175.1,61.4,1913597,Large (1.5M-5M),66.14906832298136,0.5651465798045603,0.5480183680403595
Osaka,Japan,56.4,26.9,67.2,47.2,148.3,79.2,15126000,Mega (> 5M),47.695035460992905,0.595959595959596,0.9136700758760006
Oshawa,Canada,61.2,33.400000000000006,39.5,28.7,135.35000000000002,68.2,335949,Small (< 500k),54.575163398692816,0.4208211143695014,0.5426370367864
Oslo,Norway,84.3,39.1,65.8,21.9,96.1,77.7,709037,Medium (500k-1.5M),46.38196915776987,0.28185328185328185,1.0011321879750934
Ostrava,Czech Republic,44.5,16.1,75.25,36.85,82.1,76.1,284765,Small (< 500k),36.17977528089888,0.4842312746386334,1.1013012297948
Ottawa,Canada,59.7,34.3,68.8,24.6,136.9,68.3,1068821,Medium (500k-1.5M),57.45393634840871,0.3601756954612006,1.028732005184147
Oxford,United Kingdom,65.3,33.15,54.5,41.6,130.1,74.5,108600,Small (< 500k),50.76569678407351,0.5583892617449665,0.6793552752350193
Padova,Italy,60.8,23.7,52.1,64.15,126.9,66.0,206496,Small (< 500k),38.98026315789474,0.971969696969697,0.1524375414028798
Palermo,Italy,59.7,21.9,54.5,64.15,126.9,66.0,800000,Medium (500k-1.5M),36.68341708542713,0.971969696969697,0.17897767226123695
Palma de Mallorca,Spain,55.1,31.5,64.9,37.9,95.65,78.25,967250,Medium (500k-1.5M),57.16878402903811,0.48434504792332267,1.035099835425168
Paris,France,74.6,45.6,41.9,63.8,150.4,76.9,11060000,Mega (> 5M),61.126005361930304,0.8296488946684004,0.3157538106200949
Parma,Italy,59.7,21.9,52.1,64.15,126.9,66.0,196764,Small (< 500k),36.68341708542713,0.971969696969697,0.1454112386948031
Patna,India,19.8,4.7,57.4,89.3,196.9,65.5,1684222,Large (1.5M-5M),23.737373737373737,1.3633587786259542,0.14805140756647095
Pattaya,Thailand,35.5,14.6,53.8,87.0,104.2,74.6,1198000,Medium (500k-1.5M),41.12676056338028,1.1662198391420913,0.24704813936397746
Pecs,Hungary,42.0,10.8,66.1,53.1,140.5,55.45,140330,Small (< 500k),25.71428571428572,0.957619477006312,0.33156678296680875
Penang,Malaysia,34.6,13.1,70.0,65.1,192.6,69.4,878000,Medium (500k-1.5M),37.861271676300575,0.9380403458213254,0.625549606627199
Perm,Russia,35.4,11.3,62.1,60.2,141.3,64.5,1026908,Medium (500k-1.5M),31.920903954802267,0.9333333333333333,0.4478215982403806
Perth,Australia,62.7,35.7,58.2,27.4,182.9,72.6,2141834,Large (1.5M-5M),56.9377990430622,0.3774104683195592,0.9168573940017267
Peshawar,Pakistan,19.0,3.6,55.900000000000006,71.6,161.7,63.6,1970042,Large (1.5M-5M),18.947368421052634,1.1257861635220126,0.2983967707905303
Petah Tikva,Israel,71.15,25.7,68.9,58.55,129.55,73.6,467875,Small (< 500k),36.12087139845397,0.7955163043478262,0.5206844131850564
Philadelphia,"PA, United States",73.3,42.9,34.2,47.9,179.8,70.2,5696588,Mega (> 5M),58.52660300136425,0.6823361823361823,0.2493315246293435
Phoenix,"AZ, United States",65.9,39.3,47.0,57.7,153.2,65.9,4065338,Large (1.5M-5M),59.635811836115316,0.8755690440060697,0.2639742398089573
Phuket,Thailand,41.7,22.7,61.4,77.8,115.9,77.2,79308,Small (< 500k),54.43645083932853,1.0077720207253886,0.535065984501444
Pietermaritzburg,South Africa,34.650000000000006,12.05,17.3,54.75,201.1,63.4,839327,Medium (500k-1.5M),34.77633477633477,0.8635646687697162,-0.11992063313545867
Pittsburgh,"PA, United States",69.4,36.0,61.8,48.4,168.7,72.8,1712828,Large (1.5M-5M),51.873198847262245,0.6648351648351648,0.6517139567321799
Plovdiv,Bulgaria,37.8,11.4,63.05,58.0,87.4,61.15,346893,Small (< 500k),30.15873015873016,0.9484873262469338,0.3956105491678644
Plzen,Czech Republic,46.8,15.3,75.25,36.85,71.0,77.0,185599,Small (< 500k),32.6923076923077,0.4785714285714286,1.0871634159211165
Port Elizabeth,South Africa,34.650000000000006,12.05,21.7,54.75,147.4,63.4,2818100,Large (1.5M-5M),34.77633477633477,0.8635646687697162,-0.05838217159699724
Porto Alegre,Brazil,30.6,9.1,29.3,56.9,122.5,64.5,1332845,Medium (500k-1.5M),29.73856209150327,0.8821705426356589,0.0563778540752545
Porto,Portugal,46.4,30.3,66.9,24.7,99.9,78.9,231800,Small (< 500k),65.30172413793103,0.31305449936628643,1.3137074388207246
Poznan,Poland,43.0,19.5,72.2,59.2,106.9,57.0,546859,Medium (500k-1.5M),45.348837209302324,1.0385964912280703,0.4541492201637934
Prague,Czech Republic,51.9,29.6,75.4,33.4,99.5,74.6,1384732,Medium (500k-1.5M),57.03275529865126,0.4477211796246649,1.1761082291369638
Pretoria,South Africa,36.3,11.6,18.2,56.0,224.4,66.5,2818100,Large (1.5M-5M),31.955922865013775,0.8421052631578947,-0.08153899531434627
Puebla,Mexico,40.1,17.6,41.9,57.8,172.3,71.75,1576259,Large (1.5M-5M),43.890274314214466,0.805574912891986,0.35659360940108353
Puerto Vallarta,Mexico,40.1,17.6,65.0,57.5,172.3,71.75,224166,Small (< 500k),43.890274314214466,0.8013937282229965,0.6832763017087755
Pune,India,22.5,7.5,58.7,71.3,191.3,65.7,8231000,Mega (> 5M),33.33333333333333,1.0852359208523592,0.38719205517938493
Quebec City,Canada,58.1,21.8,77.5,37.1,139.5,69.0,733156,Medium (500k-1.5M),37.52151462994836,0.5376811594202898,0.9022454918210723
Queretaro (Santiago de Querétaro),Mexico,40.1,16.2,62.4,57.8,145.8,74.7,1576259,Large (1.5M-5M),40.399002493765586,0.7737617135207496,0.6885905056139316
Quezon City,Philippines,33.9,10.7,35.8,83.4,168.6,62.5,2960048,Large (1.5M-5M),31.563421828908556,1.3344,-0.22980484996751305
Quito,Ecuador,31.3,10.3,36.8,65.3,186.6,70.1,1763275,Large (1.5M-5M),32.9073482428115,0.9315263908701855,0.17870535221062817
Rabat,Morocco,33.9,12.9,64.6,83.1,181.0,48.1,572717,Medium (500k-1.5M),38.05309734513275,1.7276507276507276,-0.09221944127690895
Raipur,India,19.8,4.7,57.4,87.2,196.9,65.5,1010087,Medium (500k-1.5M),23.737373737373737,1.3312977099236643,0.17329179218185542
Rajkot,India,19.8,4.7,57.4,59.8,196.9,65.5,2043000,Large (1.5M-5M),23.737373737373737,0.9129770992366412,0.5026187152587785
Raleigh,"NC, United States",65.6,42.6,60.4,31.8,185.4,66.8,1150010,Medium (500k-1.5M),64.93902439024392,0.4760479041916168,0.8180688002711545
Ranchi,India,19.8,4.7,57.4,60.7,196.9,65.5,1073440,Medium (500k-1.5M),23.737373737373737,0.9267175572519084,0.49180140756647084
Ras al-Khaimah,United Arab Emirates,51.9,22.9,83.8,48.2,169.4,71.1,1483000,Medium (500k-1.5M),44.12331406551059,0.6779184247538679,0.975783763857262
Rawalpindi,Pakistan,18.8,3.5,48.6,75.15,161.7,63.6,2098231,Large (1.5M-5M),18.617021276595743,1.1816037735849056,0.15469610768550718
Recife,Brazil,27.7,8.0,24.4,53.0,204.4,64.5,1488920,Medium (500k-1.5M),28.880866425992778,0.8217054263565892,0.053779502209372027
Regina,Canada,58.4,23.4,47.3,41.4,117.0,66.3,226404,Small (< 500k),40.06849315068493,0.6244343891402715,0.38687949796318777
Reno,"NV, United States",64.0,38.6,44.1,29.8,117.0,62.5,454814,Small (< 500k),60.3125,0.4768,0.5026250744921724
Rijeka,Croatia,51.15,26.7,75.7,31.3,72.7,67.2,107964,Small (< 500k),52.19941348973607,0.46577380952380953,1.033711575101581
Rio de Janeiro,Brazil,31.0,11.9,24.8,67.6,231.8,46.3,12592000,Mega (> 5M),38.38709677419355,1.4600431965442764,-0.4789129234601139
Riyadh,Saudi Arabia,47.1,26.7,75.1,63.4,154.5,65.6,7237000,Mega (> 5M),56.68789808917197,0.9664634146341464,0.6495668252387325
Rochester,"NY, United States",100.0,100.0,52.2,58.1,104.7,62.6,694707,Medium (500k-1.5M),100.0,0.9281150159744409,0.5334230486632423
Rockhampton,Australia,64.9,37.0,32.8,26.0,180.0,73.3,63151,Small (< 500k),57.01078582434514,0.3547066848567531,0.5829508675296919
Rome,Italy,56.7,33.4,52.0,50.3,140.0,64.8,2748109,Large (1.5M-5M),58.90652557319223,0.7762345679012346,0.4361907273857705
Rostov-on-Don (Rostov-na-donu),Russia,35.4,12.7,62.1,60.2,158.6,64.5,1177058,Medium (500k-1.5M),35.87570621468926,0.9333333333333333,0.4622545879311024
Rotterdam,Netherlands,69.9,43.1,73.7,22.2,90.5,82.7,664311,Medium (500k-1.5M),61.659513590844064,0.26844014510278114,1.4014110137610967
Sacramento,"CA, United States",73.7,49.7,50.6,46.9,124.5,67.3,1962998,Large (1.5M-5M),67.43554952510176,0.6968796433878157,0.4979271519940125
Saint Louis,"MO, United States",65.3,33.5,30.3,32.2,126.5,75.2,1686807,Large (1.5M-5M),51.301684532924966,0.42819148936170215,0.4716527939127604
Saint Petersburg,Russia,38.5,18.2,62.1,60.2,208.2,61.5,5597763,Mega (> 5M),47.27272727272727,0.9788617886178862,0.42573211500981273
Salvador,Brazil,30.6,10.3,23.3,53.0,172.6,61.3,2417678,Large (1.5M-5M),33.66013071895425,0.8646003262642741,-0.03306942375543373
Samara,Russia,35.4,11.2,62.1,60.2,141.3,64.5,1156659,Medium (500k-1.5M),31.63841807909604,0.9333333333333333,0.44679067040532905
San Antonio,"TX, United States",58.6,37.4,51.8,43.9,144.8,68.3,2069843,Large (1.5M-5M),63.82252559726962,0.6427525622254758,0.6024877747852045
San Diego,"CA, United States",76.3,75.0,59.9,39.8,159.9,68.0,3057778,Large (1.5M-5M),98.2961992136304,0.5852941176470587,0.9610747345162496
San Francisco,"CA, United States",90.7,80.4,39.1,49.2,245.6,64.8,3364862,Large (1.5M-5M),88.64388092613011,0.7592592592592593,0.39713425330753505
San Jose,"CA, United States",83.7,69.85,52.5,49.1,183.3,67.2,1771563,Large (1.5M-5M),83.45280764635602,0.7306547619047619,0.598944135205032
San Miguel de Allende,Mexico,40.1,17.6,49.4,57.8,172.3,71.75,69811,Small (< 500k),43.890274314214466,0.805574912891986,0.4614887142961881
San Sebastian,Spain,48.0,28.9,70.5,37.9,95.65,78.25,30724,Small (< 500k),60.20833333333333,0.48434504792332267,1.1610408701193633
Sao Jose dos Campos,Brazil,30.2,10.7,29.9,53.0,172.6,61.3,539313,Medium (500k-1.5M),35.430463576158935,0.8646003262642741,0.0675548520098653
Sao Paulo,Brazil,34.1,15.6,29.9,79.1,239.3,60.2,23086000,Mega (> 5M),45.74780058651026,1.313953488372093,-0.2587793167719188
Sarajevo,Bosnia And Herzegovina,39.2,11.7,55.7,65.8,97.2,59.3,244000,Small (< 500k),29.8469387755102,1.109612141652614,0.15003168475236414
Saskatoon,Canada,62.8,24.7,49.2,28.5,135.35000000000002,63.9,266141,Small (< 500k),39.3312101910828,0.4460093896713615,0.4871984740725401
Sault Ste. Marie,Canada,61.2,33.400000000000006,39.7,28.7,135.35000000000002,68.2,72051,Small (< 500k),54.575163398692816,0.4208211143695014,0.5454342395836027
Seattle,"WA, United States",86.0,61.8,45.8,36.9,196.2,68.7,3555253,Large (1.5M-5M),71.86046511627907,0.5371179039301309,0.5751381239562873
Seville (Sevilla),Spain,47.0,21.9,66.4,37.9,95.65,78.25,967250,Medium (500k-1.5M),46.595744680851055,0.48434504792332267,1.042015444616599
Shanghai,China,37.9,25.2,73.1,70.0,177.7,64.9,24073000,Mega (> 5M),66.49076517150397,1.0785824345146378,0.6090699748783883
Sharjah,United Arab Emirates,48.5,22.0,83.7,48.2,310.6,71.1,1247749,Medium (500k-1.5M),45.36082474226804,0.6779184247538679,1.0007462249411003
Sheffield,United Kingdom,59.3,27.1,56.7,41.6,134.35000000000002,74.5,518090,Medium (500k-1.5M),45.69983136593592,0.5583892617449665,0.7106464537446376
Shenzhen,China,35.4,18.8,74.9,55.5,113.7,63.3,17619000,Mega (> 5M),53.10734463276836,0.8767772511848342,0.7363610515299018
Shimla,India,19.8,4.7,57.4,49.0,196.9,65.5,206575,Small (< 500k),23.737373737373737,0.7480916030534351,0.6324264075664708
Sibiu,Romania,35.6,10.7,71.6,55.9,102.1,56.3,134308,Small (< 500k),30.056179775280896,0.9928952042628775,0.45809751751218797
Skopje,North Macedonia,35.9,9.3,53.7,82.9,94.7,54.6,422540,Small (< 500k),25.90529247910864,1.5183150183150185,-0.1687619628510519
Sofia,Bulgaria,42.8,17.5,60.8,68.2,110.0,58.5,1404116,Medium (500k-1.5M),40.887850467289724,1.165811965811966,0.19837783562746175
Split,Croatia,53.8,24.8,69.5,27.6,68.3,69.3,160577,Small (< 500k),46.09665427509294,0.3982683982683983,0.986614157048181
Spokane,"WA, United States",67.7,40.8,45.8,36.9,124.7,66.0,458988,Small (< 500k),60.26587887740029,0.5590909090909091,0.4958113075211874
St.Catharines,Canada,61.2,33.400000000000006,52.7,28.7,135.35000000000002,68.2,439819,Small (< 500k),54.575163398692816,0.4208211143695014,0.7272524214017846
Stavanger,Norway,79.0,35.7,76.0,21.9,85.5,71.8,146011,Small (< 500k),45.18987341772152,0.3050139275766017,1.044860341415672
Stockholm,Sweden,72.1,33.5,53.5,18.1,109.6,65.7,995574,Medium (500k-1.5M),46.463245492371705,0.2754946727549467,0.7020129539309392
Strasbourg,France,67.8,21.7,59.1,63.8,126.6,76.9,291709,Small (< 500k),32.00589970501475,0.8296488946684004,0.3812003245980229
Stuttgart,Germany,67.0,31.3,65.2,38.1,99.6,76.2,2787724,Large (1.5M-5M),46.71641791044776,0.5,0.8685940165958582
Sudbury,Canada,61.2,33.400000000000006,37.7,28.7,135.35000000000002,68.2,166004,Small (< 500k),54.575163398692816,0.4208211143695014,0.5174622116115747
Surabaya,Indonesia,28.0,7.8,48.7,55.9,226.15,57.2,6556000,Mega (> 5M),27.857142857142858,0.9772727272727272,0.2058040837283625
Surat,India,18.7,7.7,66.6,55.9,196.9,65.5,6538000,Mega (> 5M),41.1764705882353,0.8534351145038168,0.7206232773045048
Surrey,Canada,67.0,33.400000000000006,35.5,28.7,135.35000000000002,66.5,568322,Medium (500k-1.5M),49.85074626865673,0.43157894736842106,0.3914833796744508
Suzhou,China,38.0,12.3,73.85,69.05,157.7,66.1,5324476,Mega (> 5M),32.36842105263158,1.0446293494704992,0.5212313438233767
Sydney,Australia,69.3,53.4,65.8,28.7,192.2,74.7,4840600,Large (1.5M-5M),77.05627705627705,0.38420348058902276,1.1633280586199397
Szczecin,Poland,39.7,14.5,73.35,59.45,122.3,57.6,396168,Small (< 500k),36.523929471032744,1.0321180555555556,0.4624188807592321
Taichung,Taiwan,50.45,16.55,83.6,85.6,124.0,88.1,2850285,Large (1.5M-5M),32.804757185332015,0.9716231555051078,0.8173321288465025
Taipei,Taiwan,53.5,21.2,83.6,48.8,124.0,87.1,2494813,Large (1.5M-5M),39.626168224299064,0.5602755453501722,1.2553644006091564
Tallinn,Estonia,60.5,19.9,78.2,18.7,85.6,73.6,638076,Medium (500k-1.5M),32.892561983471076,0.25407608695652173,1.1815620951016292
Tampa,"FL, United States",67.2,51.8,55.1,32.5,175.5,66.3,2906035,Large (1.5M-5M),77.08333333333333,0.4901960784313726,0.8034818794720806
Tampere,Finland,64.5,22.7,79.6,12.4,72.6,79.9,334112,Small (< 500k),35.1937984496124,0.15519399249061325,1.3913312911081115
Tartu,Estonia,51.4,15.7,78.3,18.7,50.9,73.6,97435,Small (< 500k),30.54474708171206,0.25407608695652173,1.235049568098925
Tel Aviv-Yafo,Israel,81.2,44.1,74.0,45.9,150.4,73.6,467875,Small (< 500k),54.310344827586206,0.6236413043478262,0.8284011634442958
Tetovo,North Macedonia,35.9,9.3,53.7,95.6,94.7,54.6,63176,Small (< 500k),25.90529247910864,1.7509157509157507,-0.32140619362028255
Thane,India,19.8,4.7,57.4,62.9,196.9,65.5,1886941,Large (1.5M-5M),23.737373737373737,0.9603053435114504,0.46535909987416313
The Hague (Den Haag),Netherlands,67.7,43.2,80.0,17.5,79.3,82.7,205466,Small (< 500k),63.8109305760709,0.21160822249093106,1.570105010969123
Thessaloniki,Greece,50.7,13.8,47.5,55.8,110.0,58.3,802572,Medium (500k-1.5M),27.218934911242602,0.9571183533447685,0.036400173940420555
Thiruvananthapuram,India,19.8,4.7,61.1,56.5,181.5,62.8,743691,Medium (500k-1.5M),23.737373737373737,0.8996815286624205,0.5393745581001477
Tijuana,Mexico,38.6,17.6,28.0,57.8,172.3,71.75,2002000,Large (1.5M-5M),45.59585492227979,0.805574912891986,0.17791128543574053
Timisoara,Romania,37.8,11.0,73.9,55.9,86.0,71.4,250849,Small (< 500k),29.100529100529105,0.7829131652661063,0.775965352733805
Tokyo,Japan,56.4,26.9,75.2,43.0,148.3,79.2,37785000,Mega (> 5M),47.695035460992905,0.5429292929292929,1.0760389569948816
Toronto,Canada,63.8,42.7,56.3,37.8,199.9,74.0,5647656,Mega (> 5M),66.92789968652039,0.5108108108108108,0.8542585985307172
Toulouse,France,65.0,21.8,50.6,63.8,126.6,79.4,511684,Medium (500k-1.5M),33.53846153846154,0.8035264483627204,0.34330752582315116
Townsville,Australia,64.9,37.0,38.4,26.0,180.0,73.3,173724,Small (< 500k),57.01078582434514,0.3547066848567531,0.6612725458513704
Treviso,Italy,61.9,21.9,52.1,64.15,126.9,66.0,84607,Small (< 500k),35.37964458804523,0.971969696969697,0.12235044204910084
Trieste,Italy,58.1,19.4,72.4,48.3,94.9,64.5,198417,Small (< 500k),33.3907056798623,0.7488372093023256,0.5804660504268726
Trondheim,Norway,83.0,30.3,79.3,21.9,95.8,75.8,212660,Small (< 500k),36.506024096385545,0.2889182058047493,1.0743870232217585
Tucson,"AZ, United States",61.8,32.0,45.2,28.0,123.0,61.3,879871,Medium (500k-1.5M),51.779935275080916,0.45676998368678634,0.47037236681799494
Turin,Italy,58.1,19.6,48.0,68.5,103.8,65.2,841600,Medium (500k-1.5M),33.734939759036145,1.0506134969325154,0.012650743785602547
Ufa,Russia,35.4,10.4,62.1,60.2,132.2,64.5,1128787,Medium (500k-1.5M),29.37853107344633,0.9333333333333333,0.4385432477249167
Utrecht,Netherlands,69.0,44.0,78.0,21.9,77.6,83.6,359370,Small (< 500k),63.76811594202898,0.2619617224880383,1.502087579393122
Vadodara,India,19.2,3.3,69.0,64.1,196.9,65.5,2065771,Large (1.5M-5M),17.1875,0.9786259541984732,0.6050301036742275
Valencia,Spain,46.8,28.1,65.0,21.7,78.1,81.2,2585202,Large (1.5M-5M),60.04273504273505,0.2672413793103448,1.3428771245198972
Vancouver,Canada,64.3,48.4,56.7,25.5,151.0,71.8,2426160,Large (1.5M-5M),75.27216174183515,0.3551532033426184,1.0166769260823831
Vancouver,"WA, United States",61.5,38.6,45.8,36.9,169.6,67.35,2426160,Large (1.5M-5M),62.764227642276424,0.5478841870824054,0.565448348192432
Varanasi,India,19.8,4.7,57.4,88.0,196.9,65.5,1198491,Medium (500k-1.5M),23.737373737373737,1.3435114503816794,0.16367640756647084
Varna,Bulgaria,40.2,12.5,65.3,59.4,86.6,63.8,350745,Small (< 500k),31.094527363184078,0.9310344827586207,0.4500788557369935
Vaughan,Canada,61.2,33.400000000000006,56.7,28.7,135.35000000000002,68.2,323103,Small (< 500k),54.575163398692816,0.4208211143695014,0.7831964773458404
Verona,Italy,59.7,23.9,52.1,64.15,126.9,66.0,255588,Small (< 500k),40.03350083752093,0.971969696969697,0.16602979539583396
Victoria,Canada,65.9,40.2,58.3,22.6,133.8,65.7,363222,Small (< 500k),61.001517450682854,0.3439878234398782,0.8491209653704279
Vienna,Austria,68.1,31.2,71.9,15.8,71.4,81.2,2223236,Large (1.5M-5M),45.81497797356828,0.19458128078817735,1.3189824051968808
Vijayawada,India,19.8,4.7,57.4,71.2,196.9,65.5,1476931,Medium (500k-1.5M),23.737373737373737,1.0870229007633587,0.3655994844895477
Villach,Austria,66.75,25.75,72.1,15.8,83.7,68.3,65127,Small (< 500k),38.57677902621723,0.23133235724743778,1.0186113811411344
Vilnius,Lithuania,49.8,20.5,71.0,23.9,86.7,76.1,581475,Medium (500k-1.5M),41.164658634538156,0.3140604467805519,1.1873149780024916
Visakhapatnam,India,19.8,4.7,57.4,66.3,196.9,65.5,1355041,Medium (500k-1.5M),23.737373737373737,1.0122137404580152,0.42449371525877855
Warsaw,Poland,49.5,28.7,74.7,59.7,122.3,58.4,2028000,Large (1.5M-5M),57.97979797979798,1.0222602739726028,0.5381559096328583
Wellington,New Zealand,63.6,31.3,66.8,23.1,168.0,64.2,216200,Small (< 500k),49.21383647798742,0.3598130841121495,0.8639845337527605
Wiesbaden,Germany,67.7,26.3,60.3,35.400000000000006,101.95,73.85,285522,Small (< 500k),38.84785819793205,0.47935003385240366,0.7260597029808553
Windsor,Canada,61.2,30.6,53.6,52.9,135.35000000000002,57.1,306519,Small (< 500k),50.0,0.9264448336252189,0.19541211371706524
Winnipeg,Canada,58.3,25.0,39.6,35.5,127.8,68.2,758515,Medium (500k-1.5M),42.88164665523156,0.5205278592375366,0.40610525366105527
Wroclaw,Poland,45.0,21.8,74.5,61.6,129.8,57.6,672929,Medium (500k-1.5M),48.44444444444444,1.0694444444444444,0.4723636270925094
Wuhan,China,27.9,8.0,73.85,69.05,157.7,66.1,10251000,Mega (> 5M),28.673835125448033,1.0446293494704992,0.5827714678805207
Yekaterinburg,Russia,38.8,14.1,56.6,68.0,140.5,53.7,1468833,Medium (500k-1.5M),36.34020618556701,1.266294227188082,0.05175160591946712
Zagreb,Croatia,48.5,20.6,78.5,35.0,106.8,65.2,767131,Medium (500k-1.5M),42.47422680412372,0.5368098159509203,0.9528066102963856
Zurich,Switzerland,112.5,70.4,76.8,24.8,133.9,70.1,448664,Small (< 500k),62.57777777777779,0.35378031383737524,0.9933593468387283
